{"machine": "aris.compute", "suite": "SPEC", "loads": ["{\"load_name\": \"628.pot3d_s.1024\", \"num_of_processes\": 1024, \"machine\": \"aris.compute\", \"suite\": \"SPEC\", \"compact_timelogs\": [425.192567, 426.757919, 427.578605], \"coscheduled_timelogs\": {\"613.soma_s.1024\": [[533.604228, 327.639944, 307.570002]], \"619.clvleaf_s.1024\": [[451.392819, 452.768869, 443.608246]], \"634.hpgmgfv_s.1024\": [[308.781387, 307.062588, 308.602364, 309.647148]], \"621.miniswp_s.1024\": [[253.104838, 251.547022, 251.164265, 252.208052, 253.096711]], \"628.pot3d_s.1024\": [[400.884431, 389.726778, 393.356482], [411.130853, 414.517502, 412.775403]], \"605.lbm_s.1024\": [[231.562084, 236.494766, 235.811369, 231.903158, 236.276318, 236.81976]], \"635.weather_s.1024\": [[283.816381, 283.77045499999997, 288.553559, 287.436057]], \"618.tealeaf_s.1024\": [[440.207321, 390.567371, 407.350361]]}, \"dpops\": 0, \"bytes_transferred\": 0, \"ipc\": 0, \"compute_time_norm\": 0, \"mpi_time_norm\": 0}", "{\"load_name\": \"605.lbm_s.1024\", \"num_of_processes\": 1024, \"machine\": \"aris.compute\", \"suite\": \"SPEC\", \"compact_timelogs\": [714.837218, 714.309306], \"coscheduled_timelogs\": {\"613.soma_s.1024\": [[839.16727]], \"619.clvleaf_s.1024\": [[897.169053]], \"605.lbm_s.1024\": [[713.155555], [714.162425]], \"618.tealeaf_s.1024\": [[851.250727]], \"634.hpgmgfv_s.1024\": [[748.721901]], \"621.miniswp_s.1024\": [[717.084293, 712.513593]], \"635.weather_s.1024\": [[714.695731, 714.100992]], \"628.pot3d_s.1024\": [[871.751427]]}, \"dpops\": 0, \"bytes_transferred\": 0, \"ipc\": 0, \"compute_time_norm\": 0, \"mpi_time_norm\": 0}", "{\"load_name\": \"634.hpgmgfv_s.1024\", \"num_of_processes\": 1024, \"machine\": \"aris.compute\", \"suite\": \"SPEC\", \"compact_timelogs\": [245.632752, 246.754222, 244.603698, 245.976536, 245.987821], \"coscheduled_timelogs\": {\"621.miniswp_s.1024\": [[207.887269, 207.087306, 206.669896, 207.017198, 207.556827, 206.499403]], \"613.soma_s.1024\": [[251.174142, 249.099896, 249.403526, 247.968095, 248.75455]], \"605.lbm_s.1024\": [[203.187254, 203.256284, 202.32594, 202.010189, 202.919621, 202.088569, 201.444345]], \"619.clvleaf_s.1024\": [[352.750173, 352.696095, 352.819199, 346.01383599999997]], \"628.pot3d_s.1024\": [[325.666914, 321.386576, 322.633562, 320.943988]], \"635.weather_s.1024\": [[219.074587, 219.994056, 217.71576199999998, 217.559067, 219.420861, 218.04684]], \"618.tealeaf_s.1024\": [[340.755032, 334.284934, 305.097772, 288.425866]], \"634.hpgmgfv_s.1024\": [[248.666469, 246.210978, 245.152575, 245.539154, 245.654458], [250.498442, 246.580465, 245.41958, 245.965921, 245.802682]]}, \"dpops\": 0, \"bytes_transferred\": 0, \"ipc\": 0, \"compute_time_norm\": 0, \"mpi_time_norm\": 0}", "{\"load_name\": \"635.weather_s.1024\", \"num_of_processes\": 1024, \"machine\": \"aris.compute\", \"suite\": \"SPEC\", \"compact_timelogs\": [662.091909, 663.448421], \"coscheduled_timelogs\": {\"635.weather_s.1024\": [[663.518305, 665.738189], [663.525384, 665.794846]], \"634.hpgmgfv_s.1024\": [[628.612898, 628.314641]], \"618.tealeaf_s.1024\": [[708.026902, 709.648169]], \"605.lbm_s.1024\": [[594.380365, 593.276285]], \"628.pot3d_s.1024\": [[722.897988]], \"619.clvleaf_s.1024\": [[725.407618, 723.964639]], \"621.miniswp_s.1024\": [[590.926588, 589.624822]], \"613.soma_s.1024\": [[647.427217, 644.888081]]}, \"dpops\": 0, \"bytes_transferred\": 0, \"ipc\": 0, \"compute_time_norm\": 0, \"mpi_time_norm\": 0}", "{\"load_name\": \"619.clvleaf_s.1024\", \"num_of_processes\": 1024, \"machine\": \"aris.compute\", \"suite\": \"SPEC\", \"compact_timelogs\": [382.132536, 381.75459, 382.51820299999997], \"coscheduled_timelogs\": {\"621.miniswp_s.1024\": [[228.98072, 228.306598, 228.265562, 229.295031, 227.813323, 227.900896]], \"628.pot3d_s.1024\": [[333.738518, 330.227421, 334.153888, 339.437367]], \"605.lbm_s.1024\": [[231.22256099999998, 227.946258, 227.703798, 228.63168000000002, 227.861558, 227.90985]], \"634.hpgmgfv_s.1024\": [[274.822329, 269.127792, 269.011357, 269.701093, 274.871393]], \"618.tealeaf_s.1024\": [[334.414036, 332.726775, 359.551896, 343.686417]], \"635.weather_s.1024\": [[256.816543, 255.747399, 255.56003, 255.9467, 256.123915]], \"613.soma_s.1024\": [[281.592946, 278.877061, 280.434468, 278.166294, 279.236224]], \"619.clvleaf_s.1024\": [[375.731141, 373.853836, 375.373256], [371.258452, 366.390585, 366.103006]]}, \"dpops\": 0, \"bytes_transferred\": 0, \"ipc\": 0, \"compute_time_norm\": 0, \"mpi_time_norm\": 0}", "{\"load_name\": \"618.tealeaf_s.1024\", \"num_of_processes\": 1024, \"machine\": \"aris.compute\", \"suite\": \"SPEC\", \"compact_timelogs\": [599.625001, 625.675615], \"coscheduled_timelogs\": {\"613.soma_s.1024\": [[402.25532, 391.497396, 560.53315]], \"605.lbm_s.1024\": [[450.135498, 324.963194, 416.135922]], \"618.tealeaf_s.1024\": [[493.257789, 482.666928], [543.05525, 553.28579]], \"635.weather_s.1024\": [[392.439307, 403.287404, 420.001379]], \"634.hpgmgfv_s.1024\": [[385.671819, 389.500189, 503.104104]], \"619.clvleaf_s.1024\": [[600.243725, 541.887948]], \"621.miniswp_s.1024\": [[351.502519, 338.212815, 447.428856]], \"628.pot3d_s.1024\": [[474.548036, 513.842563]]}, \"dpops\": 0, \"bytes_transferred\": 0, \"ipc\": 0, \"compute_time_norm\": 0, \"mpi_time_norm\": 0}", "{\"load_name\": \"613.soma_s.1024\", \"num_of_processes\": 1024, \"machine\": \"aris.compute\", \"suite\": \"SPEC\", \"compact_timelogs\": [551.626961, 551.271364], \"coscheduled_timelogs\": {\"628.pot3d_s.1024\": [[663.582887, 510.842253]], \"618.tealeaf_s.1024\": [[516.682707, 511.314163]], \"621.miniswp_s.1024\": [[564.393989, 575.780927]], \"605.lbm_s.1024\": [[401.149782, 402.517124, 400.65159]], \"634.hpgmgfv_s.1024\": [[437.734625, 435.166836, 439.294807]], \"619.clvleaf_s.1024\": [[545.653844, 544.825038]], \"635.weather_s.1024\": [[419.721747, 425.175491, 421.856326]]}, \"dpops\": 0, \"bytes_transferred\": 0, \"ipc\": 0, \"compute_time_norm\": 0, \"mpi_time_norm\": 0}", "{\"load_name\": \"621.miniswp_s.1024\", \"num_of_processes\": 1024, \"machine\": \"aris.compute\", \"suite\": \"SPEC\", \"compact_timelogs\": [657.491829, 656.07966], \"coscheduled_timelogs\": {\"619.clvleaf_s.1024\": [[726.82859, 724.469245]], \"634.hpgmgfv_s.1024\": [[678.233865, 679.056515]], \"613.soma_s.1024\": [[760.148071]], \"605.lbm_s.1024\": [[646.544282, 645.958153]], \"628.pot3d_s.1024\": [[712.119385, 709.266574]], \"621.miniswp_s.1024\": [[661.233969, 651.968159], [661.824987, 652.525548]], \"618.tealeaf_s.1024\": [[714.808086, 702.787364]], \"635.weather_s.1024\": [[650.581257, 648.502233]]}, \"dpops\": 0, \"bytes_transferred\": 0, \"ipc\": 0, \"compute_time_norm\": 0, \"mpi_time_norm\": 0}"]}